{"cameraMode":{"drawMode":0,"name":"Shaded","section":"Shading Mode"},"sceneLighting":false,"audioPlay":false,"sceneViewState":{"m_AlwaysRefresh":false,"showFog":true,"showSkybox":false,"showFlares":true,"showImageEffects":true,"showParticleSystems":true,"showVisualEffectGraphs":true,"m_FxEnabled":true},"in2DMode":false,"pivot":{"x":-1.672367811203003,"y":7.661004543304443,"z":-0.13742637634277345},"rotation":{"x":-0.02849164418876171,"y":-0.0158848837018013,"z":0.0004119722289033234,"w":-0.9994300007820129},"size":17.170215606689454,"orthographic":false}